{
    "input": {
        "nums1": [
            [1, 3],
            [1, 2]
        ],
        "nums2": [
            [2],
            [3, 4]
        ]
    },
    "expected": [
        2.00000,
        2.50000
    ]
}